{
  "images" : [
    {
      "idiom" : "universal",
      "scale" : "1x"
    },
    {
      "idiom" : "universal",
      "filename" : "second.pdf.base.universal.regular.off.horizontal.normal.active.onepartscale.onepart.21834.000.00.@2x.png",
      "scale" : "2x"
    },
    {
      "idiom" : "universal",
      "filename" : "second.pdf.base.universal.regular.off.horizontal.normal.active.onepartscale.onepart.21834.000.00.@3x.png",
      "scale" : "3x"
    }
  ],
  "info" : {
    "version" : 1,
    "author" : "xcode"
  }
}